"media4u01@test.co.jp"
"5dbf63390b9167cad64706ba4aaee23d31d6fd19a445a3d656a513bc54d31d0d"
"tmlP7aKrfE"
"2"
"C"
"104","0045","東京都","中央区","築地","3-17-9","興和日東ビル9階","03-3549-5011","株式会社メディア4u","","営業担当","なまえ","名前"
"150","0031","東京都","渋谷区","桜丘町14-10","","渋谷コープ403","テスト株式会社","","テスト部署","","鏑木","様","0001_1500031.pdf","1","C"," "
"104","0045","東京都","中央区","築地3-17-9","","講和日当ビル9階","松下のテスト","","",""," 林　よしの","様","0002_1040045.pdf","1","C"," "
